,City,Lat,Lng,Max Temp,Humidity,Cloudiness,Wind Speed,Country,Date
0,Parit Buntar,5.1267,100.4932,84.18,70,100,4.27,MY,1631866838
1,Basco,20.4487,121.9702,84.97,72,99,12.19,PH,1631866838
2,Yertsevo,60.7966,40.086,40.68,80,96,4.85,RU,1631866839
3,Chara,56.9064,118.2631,43.74,48,62,4.99,RU,1631866841
4,Punta Arenas,-53.15,-70.9167,35.71,93,90,6.91,CL,1631866842
5,Morondava,-20.2833,44.2833,80.8,63,25,7.47,MG,1631866843
6,Rikitea,-23.1203,-134.9692,72.86,76,16,8.19,PF,1631866844
7,Jieshou,33.2634,115.3611,83.01,61,71,5.48,CN,1631866845
8,George Town,5.4112,100.3354,84.13,80,20,1.14,MY,1631866846
9,Nikolskoye,59.7035,30.7861,48.09,59,46,6.49,RU,1631866847
10,Geraldton,-28.7667,114.6,64.81,45,1,16.11,AU,1631866848
11,Umm Kaddadah,13.6017,26.6876,90.46,23,30,14.67,SD,1631866849
12,Tiksi,71.6872,128.8694,37.8,86,100,13.09,RU,1631866850
13,Arraial do Cabo,-22.9661,-42.0278,68.83,87,100,13.22,BR,1631866850
14,Albany,42.6001,-73.9662,64.98,97,28,2.17,US,1631866695
15,Vaini,-21.2,-175.2,71.76,100,20,2.3,TO,1631866852
16,Bengkulu,-3.8004,102.2655,85.69,67,67,8.43,ID,1631866854
17,Mohpa,21.3167,78.8167,85.35,81,100,12.59,IN,1631866855
18,Cape Town,-33.9258,18.4232,66.61,62,0,3.0,ZA,1631866703
19,Lebu,-37.6167,-73.65,46.87,90,74,3.15,CL,1631866856
20,Bluff,-46.6,168.3333,38.8,66,8,16.49,NZ,1631866857
21,Ukiah,39.1502,-123.2078,65.64,74,1,4.61,US,1631866858
22,Ichinoseki,38.9167,141.1333,68.65,91,100,2.28,JP,1631866858
23,Saint Paul Harbor,57.79,-152.4072,49.26,89,100,26.69,US,1631866859
24,Busselton,-33.65,115.3333,61.05,60,89,10.58,AU,1631866860
25,Mataura,-46.1927,168.8643,38.48,78,11,4.52,NZ,1631866862
26,Fort Nelson,58.8053,-122.7002,44.19,70,75,4.61,CA,1631866863
27,Las Tejeras,14.8,-88.6,63.52,97,97,3.31,HN,1631866863
28,Cabo San Lucas,22.8909,-109.9124,80.15,86,9,5.01,MX,1631866864
29,Durango,24.8333,-104.8333,61.86,73,49,1.97,MX,1631866582
30,New Norfolk,-42.7826,147.0587,54.91,62,100,3.8,AU,1631866866
31,Bredasdorp,-34.5322,20.0403,58.32,77,100,4.61,ZA,1631866867
32,Ostrovnoy,68.0531,39.5131,44.65,71,100,7.7,RU,1631866868
33,Manokwari,-0.8667,134.0833,82.62,70,97,3.2,ID,1631866868
34,Castro,-24.7911,-50.0119,53.47,97,100,9.06,BR,1631866869
35,Port Elizabeth,-33.918,25.5701,61.09,63,75,5.75,ZA,1631866871
36,La Rioja,42.25,-2.5,54.48,55,0,1.86,ES,1631866672
37,Tasiilaq,65.6145,-37.6368,35.76,65,85,7.11,GL,1631866872
38,Puerto Ayora,-0.7393,-90.3518,65.55,99,58,5.99,EC,1631866873
39,Kaitangata,-46.2817,169.8464,38.77,74,29,6.87,NZ,1631866874
40,Tautira,-17.7333,-149.15,77.02,78,35,18.75,PF,1631866875
41,Ribnitz-Damgarten,54.25,12.4667,58.12,83,100,15.23,DE,1631866876
42,Dikson,73.5069,80.5464,34.3,72,100,17.96,RU,1631866877
43,Evensk,61.95,159.2333,44.13,96,57,10.09,RU,1631866878
44,Shenjiamen,29.9576,122.298,76.21,68,7,11.1,CN,1631866879
45,Kapoeta,4.7717,33.5903,82.72,55,89,2.73,SS,1631866880
46,Lázaro Cárdenas,17.9583,-102.2,76.84,90,100,4.36,MX,1631866881
47,Ribeira Grande,38.5167,-28.7,72.0,83,75,16.11,PT,1631866882
48,Richards Bay,-28.783,32.0377,60.01,83,100,10.38,ZA,1631866884
49,Rocha,-34.4833,-54.3333,47.01,79,0,6.26,UY,1631866706
50,Los Llanos de Aridane,28.6585,-17.9182,70.12,70,75,11.5,ES,1631866885
51,Omsukchan,62.5333,155.8,44.8,77,13,8.01,RU,1631866886
52,Upernavik,72.7868,-56.1549,26.22,70,100,4.45,GL,1631866887
53,Zhigansk,66.7697,123.3711,48.09,53,100,10.2,RU,1631866893
54,Kapaa,22.0752,-159.319,79.12,75,100,1.01,US,1631866894
55,Bethel,41.3712,-73.414,69.04,90,90,1.99,US,1631866895
56,Point Fortin,10.1833,-61.6833,78.73,83,9,10.98,TT,1631866896
57,Merauke,-8.4667,140.3333,80.85,70,74,19.71,ID,1631866898
58,Thompson,55.7435,-97.8558,42.96,100,90,4.61,CA,1631866899
59,Bilibino,68.0546,166.4372,33.22,76,100,4.83,RU,1631866900
60,Örnsköldsvik,63.2909,18.7153,46.22,87,90,3.44,SE,1631866901
61,Natá,8.3333,-80.5167,74.71,92,66,3.27,PA,1631866902
62,Hermanus,-34.4187,19.2345,56.8,72,65,13.76,ZA,1631866902
63,Jalingo,8.8833,11.3667,75.29,94,100,5.7,NG,1631866903
64,Ushuaia,-54.8,-68.3,33.46,86,75,3.44,AR,1631866905
65,Atuona,-9.8,-139.0333,77.99,75,14,22.82,PF,1631866906
66,Norman Wells,65.282,-126.8329,44.64,81,75,4.61,CA,1631866907
67,Jamame,0.0722,42.7506,86.36,53,93,13.58,SO,1631866907
68,Calatayud,41.3535,-1.6432,73.54,63,23,2.75,ES,1631866909
69,São João da Barra,-21.6403,-41.0511,71.67,92,100,15.68,BR,1631866672
70,Yantzaza,-3.8278,-78.7594,62.87,99,100,0.85,EC,1631866910
71,Khatanga,71.9667,102.5,36.52,58,98,8.79,RU,1631866912
72,Conde,-7.2597,-34.9075,72.86,94,75,6.91,BR,1631866913
73,Batticaloa,7.7102,81.6924,88.23,61,97,12.19,LK,1631866914
74,Port Alfred,-33.5906,26.891,61.56,56,90,16.28,ZA,1631866914
75,Novo Horizonte,-21.4681,-49.2208,64.85,82,9,11.63,BR,1631866915
76,Bintulu,3.1667,113.0333,86.41,74,20,6.91,MY,1631866916
77,Westport,41.1415,-73.3579,71.74,93,90,8.99,US,1631866917
78,Lazurne,46.084,32.5295,72.05,46,78,6.87,UA,1631866918
79,Sisimiut,66.9395,-53.6735,31.1,53,45,9.04,GL,1631866919
80,Touros,-5.1989,-35.4608,74.3,89,69,13.53,BR,1631866920
81,Burnie,-41.0667,145.9167,53.92,92,100,8.81,AU,1631866921
82,Butaritari,3.0707,172.7902,82.69,68,49,12.55,KI,1631866922
83,Khovd,48.0056,91.6419,68.47,25,71,9.73,MN,1631866923
84,Avarua,-21.2078,-159.775,75.25,83,90,13.8,CK,1631866924
85,Taitung City,22.7583,121.1444,86.27,74,75,4.61,TW,1631866925
86,Lagoa,39.05,-27.9833,68.34,80,100,15.35,PT,1631866925
87,Kupang,-10.1667,123.5833,88.38,51,20,21.85,ID,1631866926
88,Pangnirtung,66.1451,-65.7125,33.51,81,100,2.42,CA,1631866927
89,Hithadhoo,-0.6,73.0833,82.92,73,100,8.7,MV,1631866928
90,Vardø,70.3705,31.1107,41.2,75,75,13.8,NO,1631866929
91,Vista Hermosa,19.5167,-99.2167,61.99,82,75,3.44,MX,1631866930
92,Lavrentiya,65.5833,-171.0,35.2,68,86,2.89,RU,1631866931
93,Hastings,50.8552,0.5729,64.4,81,100,6.26,GB,1631866931
94,Yellowknife,62.456,-114.3525,41.52,81,75,6.91,CA,1631866932
95,Carnarvon,-24.8667,113.6333,68.07,45,0,26.46,AU,1631866933
96,Hilo,19.7297,-155.09,79.29,89,90,4.61,US,1631866935
97,Salalah,17.0151,54.0924,86.09,79,75,8.05,OM,1631866935
98,Te Anau,-45.4167,167.7167,37.9,85,67,0.78,NZ,1631866936
99,Isangel,-19.55,169.2667,71.1,82,100,14.61,VU,1631866937
100,Torbay,47.6666,-52.7314,53.67,89,1,10.36,CA,1631866938
101,Jamestown,42.097,-79.2353,67.59,98,90,1.01,US,1631866940
102,Rio Claro,-22.4114,-47.5614,63.79,88,63,6.02,BR,1631866900
103,Inírida,3.8653,-67.9239,70.92,99,83,1.86,CO,1631866942
104,Revyakino,54.3669,37.6589,47.8,54,100,5.64,RU,1631866943
105,Lompoc,34.6391,-120.4579,57.78,86,90,4.61,US,1631866944
106,Canto do Buriti,-8.11,-42.9444,75.52,54,0,9.71,BR,1631866944
107,Chui,-33.6971,-53.4616,48.69,88,0,4.59,UY,1631866945
108,Naranjal,-2.6667,-79.6167,73.53,85,95,0.09,EC,1631866946
109,College,64.8569,-147.8028,39.58,81,20,0.0,US,1631866947
110,Barrow,71.2906,-156.7887,35.62,87,90,4.61,US,1631866948
111,Taoudenni,22.6783,-3.9836,96.48,23,48,8.88,ML,1631866783
112,Sumbawanga,-7.9667,31.6167,76.57,39,78,2.62,TZ,1631866949
113,Morgan City,29.6994,-91.2068,80.6,100,1,3.44,US,1631866950
114,Sambava,-14.2667,50.1667,77.67,64,85,9.66,MG,1631866952
115,Caravelas,-17.7125,-39.2481,70.56,80,0,5.73,BR,1631866952
116,Batagay-Alyta,67.8006,130.4114,37.35,98,100,5.68,RU,1631866953
117,Sulangan,11.1373,123.7228,83.34,74,98,5.55,PH,1631866954
118,Samarinda,-0.5,117.15,86.29,66,100,1.99,ID,1631866955
119,Oranjemund,-28.55,16.4333,70.38,26,1,19.46,NA,1631866956
120,Ahipara,-35.1667,173.1667,53.26,85,65,11.14,NZ,1631866957
121,Panzhihua,26.5851,101.7128,81.82,67,53,1.43,CN,1631866958
122,Corner Brook,48.9667,-57.9484,51.96,97,28,4.18,CA,1631866959
123,Mahébourg,-20.4081,57.7,77.29,73,40,11.5,MU,1631866960
124,Quatre Cocos,-20.2078,57.7625,77.11,73,34,10.0,MU,1631866960
125,Maniitsoq,65.4167,-52.9,36.48,49,98,4.36,GL,1631866961
126,Lucea,18.451,-78.1736,75.85,79,69,8.19,JM,1631866962
127,Birjand,32.8663,59.2211,90.07,5,0,4.61,IR,1631866963
128,Kieta,-6.2167,155.6333,79.34,80,85,6.31,PG,1631866964
129,Meulaboh,4.1363,96.1285,84.63,67,85,10.22,ID,1631866965
130,Doha,25.2867,51.5333,106.11,30,0,10.36,QA,1631866966
131,Cidreira,-30.1811,-50.2056,60.96,78,58,17.65,BR,1631866967
132,Port-Gentil,-0.7193,8.7815,80.56,78,90,9.22,GA,1631866967
133,Praia,14.9215,-23.5087,79.34,78,20,17.27,CV,1631866968
134,Katsuura,35.1333,140.3,75.31,69,100,12.95,JP,1631866969
135,Mar del Plata,-38.0023,-57.5575,48.22,87,0,9.22,AR,1631866968
136,Hobart,-42.8794,147.3294,55.26,63,75,1.99,AU,1631866931
137,Bodden Town,19.2833,-81.25,82.99,85,79,4.0,KY,1631866971
138,Sitka,57.0531,-135.33,51.69,62,90,14.97,US,1631866972
139,Camaná,-16.6228,-72.7111,59.63,84,96,8.99,PE,1631866973
140,Baruun-Urt,46.6806,113.2792,71.37,35,35,13.56,MN,1631866974
141,Zawadzkie,50.605,18.4847,58.19,81,100,8.39,PL,1631866975
142,Lusambo,-4.9667,23.45,82.98,59,62,4.94,CD,1631866976
143,Raja,8.4596,25.678,71.02,95,100,6.73,SS,1631866977
144,Progreso,21.2833,-89.6667,77.11,88,82,9.33,MX,1631866977
145,Bandrele,-12.9067,45.1914,83.95,61,0,5.75,YT,1631866978
146,Kruisfontein,-34.0033,24.7314,55.89,72,100,6.89,ZA,1631866979
147,Idrinskoye,54.3708,92.1358,68.59,47,9,3.6,RU,1631866980
148,Kaeng Khoi,14.5862,100.9976,89.87,69,99,6.85,TH,1631866982
149,Poum,-20.2333,164.0167,70.7,66,0,22.44,NC,1631866984
150,Chokurdakh,70.6333,147.9167,36.68,92,100,9.57,RU,1631866984
151,Srandakan,-7.9386,110.2506,82.54,73,74,19.69,ID,1631866985
152,Tual,-5.6667,132.75,80.89,81,31,20.09,ID,1631866986
153,Bokoro,12.3807,17.0568,87.98,49,96,11.88,TD,1631866988
154,Cherskiy,68.75,161.3,43.41,66,100,6.67,RU,1631866988
155,Ardakān,32.31,54.0175,97.18,5,0,3.85,IR,1631866990
156,Alice Springs,-23.7,133.8833,83.75,30,84,5.75,AU,1631866990
157,Eureka,40.8021,-124.1637,52.2,76,15,4.74,US,1631866991
158,Nadym,65.5333,72.5167,40.14,96,100,25.9,RU,1631866992
159,Lappeenranta,61.0587,28.1887,47.79,67,90,8.05,FI,1631866993
160,Río Gallegos,-51.6226,-69.2181,33.85,93,75,4.61,AR,1631866994
161,Acapulco de Juárez,16.8634,-99.8901,77.59,86,99,4.25,MX,1631866995
162,Seoul,37.5683,126.9778,81.84,50,0,8.05,KR,1631866955
163,Saint-Pierre,-21.3393,55.4781,78.44,72,40,6.91,RE,1631866996
164,Tuktoyaktuk,69.4541,-133.0374,42.84,84,98,12.44,CA,1631866997
165,Sajanan,37.0573,9.2426,84.47,47,97,4.09,TN,1631866998
166,Kahului,20.8947,-156.47,78.82,77,1,17.27,US,1631866805
167,Provideniya,64.3833,-173.3,37.78,78,92,2.55,RU,1631866999
168,Shubarshi,48.5872,57.1869,64.26,33,0,15.59,KZ,1631867001
169,Muzhi,65.3667,64.6667,39.4,91,98,16.08,RU,1631867001
170,Amapá,1.0,-52.0,69.58,100,41,0.89,BR,1631867002
171,Hamilton,39.1834,-84.5333,68.04,95,20,0.0,US,1631866371
172,Saskylakh,71.9167,114.0833,34.16,97,100,16.75,RU,1631867004
173,Yulara,-25.2406,130.9889,84.04,21,0,10.36,AU,1631867005
174,Santa Maria,-29.6842,-53.8069,47.97,89,2,6.71,BR,1631867006
175,Campos Belos,-13.0367,-46.7717,71.46,32,0,5.95,BR,1631867007
176,Orange,33.7,-117.7675,67.82,83,90,4.61,US,1631867007
177,Airai,-8.9266,125.4092,71.28,45,52,5.86,TL,1631867009
178,Vanavara,60.34,102.2797,50.43,45,100,4.7,RU,1631867010
179,Nyurba,63.2842,118.3319,51.53,42,100,9.44,RU,1631867011
180,Yaan,7.3833,8.5667,73.42,95,100,6.08,NG,1631867012
181,Deputatsky,69.3,139.9,40.32,83,100,1.43,RU,1631867012
182,Ancud,-41.8697,-73.8203,46.42,92,69,12.26,CL,1631867013
183,Ilulissat,69.2167,-51.1,19.42,63,1,3.44,GL,1631867014
184,Thanh Hoa,19.8,105.7667,86.65,73,85,8.59,VN,1631867016
185,Abnūb,27.2696,31.1511,80.82,38,0,17.54,EG,1631867017
186,Olafsvik,64.8945,-23.7142,45.32,71,100,15.79,IS,1631867018
187,Iqaluit,63.7506,-68.5145,35.33,80,90,9.22,CA,1631867019
188,Nioro,13.35,-15.75,74.19,94,91,5.35,GM,1631867020
189,Kenai,60.5544,-151.2583,48.09,88,75,13.8,US,1631867021
190,Termoli,41.9888,14.9895,78.87,51,100,12.75,IT,1631867022
191,Praia,14.9215,-23.5087,79.34,78,20,17.27,CV,1631867023
192,East London,-33.0153,27.9116,61.74,63,20,19.57,ZA,1631866864
193,Rawson,-43.3002,-65.1023,56.16,56,100,9.64,AR,1631867025
194,Tahoua,14.8888,5.2692,80.58,74,20,4.61,NE,1631867025
195,Kushima,31.4583,131.2333,84.24,81,100,13.73,JP,1631867026
196,Edson,53.5835,-116.4356,28.54,100,75,3.44,CA,1631867027
197,Astara,38.5,48.6667,73.38,44,0,8.03,AZ,1631867028
198,Adré,13.4667,22.2,87.37,30,26,11.21,TD,1631867030
199,Camacupa,-12.0167,17.4833,80.4,16,6,5.14,AO,1631867031
200,Stokmarknes,68.5646,14.9108,51.78,66,75,3.44,NO,1631867032
201,Saint-Philippe,-21.3585,55.7679,78.35,71,9,6.87,RE,1631867032
202,Bakal,54.9417,58.8083,38.01,98,100,10.92,RU,1631867033
203,Gatehouse of Fleet,54.882,-4.1843,60.82,92,99,10.69,GB,1631867034
204,Sombrerete,23.6333,-103.65,57.79,90,100,3.51,MX,1631867035
205,Bulungu,-4.55,18.6,77.25,67,100,4.61,CD,1631867036
206,Esso,55.9333,158.7,46.15,83,68,1.68,RU,1631867037
207,Tongchuanshi,35.0806,109.0897,63.18,95,100,4.56,CN,1631867038
208,Rockingham,42.9668,-71.0995,64.54,90,100,3.47,US,1631867038
209,Kletskaya,49.3145,43.0584,62.46,34,14,3.96,RU,1631867040
210,Saint Anthony,45.0205,-93.218,71.55,85,90,5.99,US,1631867040
211,Tarko-Sale,64.9225,77.785,42.67,93,100,22.08,RU,1631867042
212,São Sebastião,-23.76,-45.4097,67.42,94,100,7.45,BR,1631866939
213,Bousso,10.4795,16.7117,82.15,71,100,7.52,TD,1631867044
214,Kincardine,56.0667,-3.7167,63.55,87,100,6.87,GB,1631867045
215,Husavik,66.0449,-17.3389,46.31,94,100,14.5,IS,1631867046
216,Leer,8.3018,30.1418,80.92,71,100,7.96,SS,1631867047
217,Najrān,17.4924,44.1277,92.05,13,8,8.88,SA,1631867047
218,Port-Cartier,50.0334,-66.8654,43.02,74,92,3.29,CA,1631867048
219,Tevaitoa,-16.7833,-151.5,78.6,73,6,23.26,PF,1631867049
220,Abu Dhabi,24.4667,54.3667,100.51,56,0,5.75,AE,1631866776
221,Hailun,47.45,126.9333,68.72,70,0,10.98,CN,1631867050
222,Waingapu,-9.6567,120.2641,85.87,59,100,16.44,ID,1631867051
223,Talnakh,69.4865,88.3972,46.99,57,8,3.04,RU,1631867052
224,Port Macquarie,-31.4333,152.9167,60.76,67,0,11.39,AU,1631866780
225,Ambahta,29.85,77.3333,89.19,54,23,3.87,IN,1631867054
226,Santa Isabel Rio Negro,-0.4139,-65.0192,72.34,91,1,2.26,BR,1631867055
227,Mount Gambier,-37.8333,140.7667,58.91,72,90,12.66,AU,1631867056
228,Miragoâne,18.4423,-73.0876,80.67,74,100,5.03,HT,1631867057
229,Asău,46.4333,26.4,67.75,90,100,4.25,RO,1631867058
230,Hong Kong,22.2855,114.1577,91.33,68,11,1.01,HK,1631866878
231,Buerarema,-14.9594,-39.2997,67.68,93,75,2.46,BR,1631867059
232,Harper,4.375,-7.7169,77.5,85,86,6.82,LR,1631867060
233,Ballina,-28.8667,153.5667,64.58,72,0,8.05,AU,1631867061
234,High Level,58.5169,-117.136,30.31,100,1,2.3,CA,1631867061
235,Tabuk,17.4189,121.4443,86.49,68,100,2.89,PH,1631867062
236,Saldanha,-33.0117,17.9442,64.45,56,1,9.95,ZA,1631867063
237,Grindavik,63.8424,-22.4338,45.07,70,75,16.11,IS,1631867064
238,Saint-Augustin,51.226,-58.6502,48.56,73,73,5.37,CA,1631867065
239,Qaanaaq,77.484,-69.3632,11.12,74,52,8.03,GL,1631867066
240,Yenagoa,4.9247,6.2642,77.2,91,100,2.01,NG,1631867067
241,Mocuba,-16.8392,36.9856,97.18,24,45,3.09,MZ,1631867068
242,Sola,-13.8833,167.55,79.43,79,68,15.3,VU,1631867069
243,Vilhena,-12.7406,-60.1458,69.93,74,18,1.72,BR,1631867070
244,Riohacha,11.5444,-72.9072,80.2,82,15,8.97,CO,1631867071
245,Corinth,37.9407,22.9573,90.61,34,1,2.89,GR,1631866890
246,Anadyr,64.75,177.4833,34.3,86,20,4.47,RU,1631867072
247,Maromitsa,59.8683,48.0123,38.48,97,100,7.65,RU,1631867073
248,Mackay,-21.15,149.2,70.05,68,0,9.22,AU,1631867074
249,Cochrane,51.1834,-114.4687,41.47,52,75,4.61,CA,1631867031
250,Safi,32.2994,-9.2372,70.97,76,15,11.45,MA,1631867000
251,Methóni,36.8197,21.7049,84.06,56,0,6.42,GR,1631867076
252,Zomin,39.9606,68.3958,90.09,11,0,6.55,UZ,1631867077
253,Haines Junction,60.7522,-137.5108,28.35,93,100,2.3,CA,1631867078
254,Saint George,37.1041,-113.5841,74.79,15,1,3.0,US,1631866848
255,Arrondissement de Saint-Denis,48.9167,2.3333,65.79,83,0,2.3,FR,1631867079
256,Province of Mantua,45.1667,10.7833,73.09,86,100,5.99,IT,1631867080
257,Bansang,13.4333,-14.65,77.34,94,97,4.9,GM,1631867081
258,Emerald,-23.5333,148.1667,80.74,26,0,8.05,AU,1631867082
259,Fare,-16.7,-151.0167,78.4,75,2,22.59,PF,1631867083
260,Bahār,34.9072,48.4414,80.76,16,0,6.91,IR,1631867083
261,Belmonte,-15.8631,-38.8828,75.7,81,8,8.3,BR,1631867084
262,Russell,32.3502,-85.1999,73.8,90,90,0.0,US,1631867086
263,Palmerston,-12.486,130.9833,90.03,40,0,13.8,AU,1631867087
264,Leh,34.1667,77.5833,64.58,18,0,3.4,IN,1631867088
265,Marsh Harbour,26.5412,-77.0636,82.74,70,9,4.25,BS,1631867088
266,‘Ewa Beach,21.3156,-158.0072,80.55,70,1,5.75,US,1631867089
267,Gijang,35.2442,129.2139,71.33,92,100,24.29,KR,1631867090
268,Severo-Kuril'sk,50.6789,156.125,49.64,79,98,8.61,RU,1631867091
269,Champerico,14.3,-91.9167,79.36,86,100,3.98,GT,1631867092
270,Cockburn Town,21.4612,-71.1419,82.94,79,100,16.78,TC,1631867093
271,Leningradskiy,69.3833,178.4167,30.31,83,100,6.13,RU,1631867094
272,Colesberg,-30.72,25.0972,51.64,27,6,18.12,ZA,1631867095
273,Palora,-1.7,-77.9333,61.61,93,91,2.84,EC,1631867096
274,Bethanien,-26.502,17.1583,63.0,23,1,20.67,NA,1631867097
275,Sarakhs,36.5449,61.1577,98.74,12,0,4.61,IR,1631867099
276,Morón,-34.6534,-58.6198,60.55,68,0,1.99,AR,1631867100
277,Vostochnyy,55.8167,37.8667,46.67,54,100,5.19,RU,1631867101
278,Teknāf,20.8624,92.3058,82.49,85,99,14.94,BD,1631867103
279,Beidao,34.5686,105.8933,60.62,95,100,1.92,CN,1631867104
280,Paamiut,61.994,-49.6678,37.08,78,26,16.15,GL,1631867105
281,Longyearbyen,78.2186,15.6401,40.84,87,75,2.3,SJ,1631866863
282,Alofi,-19.0595,-169.9187,75.09,88,13,6.91,NU,1631867106
283,Havre-St-Pierre,50.2334,-63.5986,55.4,93,40,0.0,CA,1631867107
284,Cuamba,-14.8031,36.5372,87.87,36,15,5.14,MZ,1631867108
285,Sørland,67.667,12.6934,51.66,80,100,11.88,NO,1631867109
286,Pisco,-13.7,-76.2167,58.01,82,75,2.3,PE,1631867110
287,Taldan,53.6667,124.8,40.71,94,100,6.51,RU,1631867111
288,Bang Phae,13.6916,99.9298,88.05,63,89,7.4,TH,1631867112
289,Tarpon Springs,28.1461,-82.7568,78.94,93,1,4.0,US,1631867114
290,Adrar,20.5022,-10.0711,89.2,22,100,9.26,MR,1631867115
291,Berëzovka,53.7214,25.4993,50.97,95,100,9.17,BY,1631867116
292,Atar,20.5169,-13.0499,89.33,24,82,3.96,MR,1631867117
293,Charleston,32.7766,-79.9309,75.22,94,75,1.99,US,1631867037
294,San Patricio,28.017,-97.5169,80.49,81,11,4.79,US,1631867119
295,Pundaguitan,6.3711,126.1689,79.72,85,100,9.6,PH,1631867120
296,Yumen,40.2833,97.2,81.21,14,10,8.68,CN,1631867120
297,Dragør,55.5946,12.6664,58.41,88,75,8.05,DK,1631867121
298,Mahibadhoo,3.7833,72.9667,83.17,71,85,10.6,MV,1631867122
299,Helena,46.5927,-112.0361,41.99,43,1,1.99,US,1631867123
300,Sayyan,15.1718,44.3244,73.08,18,12,6.96,YE,1631867124
301,Berlevåg,70.8578,29.0864,45.0,64,99,15.84,NO,1631867125
302,Itarema,-2.9248,-39.9167,78.33,82,13,17.07,BR,1631867126
303,Kathmandu,27.7167,85.3167,71.82,94,75,3.44,NP,1631867068
304,Rio Grande,-32.035,-52.0986,55.47,76,0,11.81,BR,1631867127
305,Abu Samrah,35.3029,37.1841,78.35,40,0,4.7,SY,1631867128
306,Ngama,11.7833,17.1667,84.61,60,100,13.29,TD,1631867129
307,Touba,8.2833,-7.6833,71.67,94,89,3.49,CI,1631867130
308,Pevek,69.7008,170.3133,32.54,100,100,8.84,RU,1631867131
309,Faanui,-16.4833,-151.75,79.09,69,1,22.1,PF,1631867132
310,Nhulunbuy,-12.2333,136.7667,81.21,61,40,12.66,AU,1631867133
311,Okhotsk,59.3833,143.3,53.29,92,100,32.01,RU,1631867134
312,Gamba,-2.65,10.0,76.32,89,100,6.35,GA,1631867135
313,Raudeberg,61.9875,5.1352,59.2,90,96,9.44,NO,1631867136
314,Farrukhnagar,17.0778,78.2011,89.31,59,96,12.95,IN,1631867137
315,Charagua,-19.8,-63.2167,56.7,57,90,3.2,BO,1631867138
316,Kilindoni,-7.9139,39.6668,78.04,67,69,6.93,TZ,1631867139
317,Lubumbashi,-11.6609,27.4794,84.42,20,8,6.73,CD,1631866951
318,Brownsville,25.9018,-97.4975,80.55,89,1,0.0,US,1631867140
319,Coyhaique,-45.5752,-72.0662,39.15,93,0,6.91,CL,1631867141
320,Cairns,-16.9167,145.7667,75.15,66,40,11.5,AU,1631867110
321,Clearwater,27.9659,-82.8001,78.91,90,1,4.0,US,1631866996
322,Port Blair,11.6667,92.75,84.29,70,81,9.31,IN,1631867143
323,Thinadhoo,0.5333,72.9333,83.84,71,61,7.02,MV,1631867144
324,San Jose,37.3394,-121.895,60.12,82,75,5.01,US,1631866897
325,Caucaia,-3.7361,-38.6531,78.75,72,20,11.5,BR,1631867143
326,Moskovskiy,55.5991,37.355,46.47,63,75,6.71,RU,1631867146
327,Iquique,-20.2208,-70.1431,57.24,70,12,5.73,CL,1631867147
328,Sibolga,1.7427,98.7792,84.54,74,93,3.69,ID,1631867148
329,Agropoli,40.3469,14.9966,82.09,36,25,3.06,IT,1631867149
330,Udachny,66.4167,112.4,35.69,76,100,15.84,RU,1631867149
331,Basoko,1.2391,23.616,81.28,61,99,3.33,CD,1631867150
332,Saint-François,46.4154,3.9054,62.04,82,0,4.61,FR,1631867151
333,Aksarka,66.5606,67.7975,42.46,78,99,20.6,RU,1631867152
334,Dickson,36.077,-87.3878,71.13,99,90,0.0,US,1631866963
335,Knysna,-34.0363,23.0471,55.78,77,100,1.74,ZA,1631867155
336,Port Hedland,-20.3167,118.5667,87.85,33,24,13.8,AU,1631867156
337,Ascope,-7.7144,-79.1078,66.65,75,100,3.62,PE,1631867157
338,Rāzole,16.4833,81.8333,93.49,54,100,6.64,IN,1631867158
339,Padang,-0.9492,100.3543,87.85,77,30,3.69,ID,1631867158
340,Esperance,-33.8667,121.9,56.07,63,55,15.46,AU,1631866976
341,Sioux Lookout,50.1001,-91.917,52.18,100,90,4.61,CA,1631867160
342,Izhma,65.0083,53.9113,43.12,73,100,10.45,RU,1631866869
343,Labuan,5.2767,115.2417,86.16,65,20,3.44,MY,1631867165
344,Soe,-9.8607,124.284,79.95,38,6,11.03,ID,1631867166
345,Vila do Maio,15.1333,-23.2167,79.59,83,100,15.55,CV,1631867166
346,Linares,-35.85,-71.6,43.57,91,2,3.53,CL,1631867167
347,Biltine,14.5333,20.9167,91.99,21,65,13.13,TD,1631867168
348,Dingle,10.9995,122.6711,79.18,90,100,7.45,PH,1631867169
349,Bambous Virieux,-20.3428,57.7575,77.25,73,40,11.5,MU,1631867170
350,Labuhan,-6.8844,112.2051,88.68,58,69,13.31,ID,1631867171
351,Pangkalanbuun,-2.6833,111.6167,86.22,64,90,4.25,ID,1631867171
352,Edgewater,28.9889,-80.9023,77.38,89,100,4.09,US,1631867172
353,Ossora,59.2353,163.0719,48.87,76,56,4.99,RU,1631867173
354,Half Moon Bay,37.4636,-122.4286,59.67,87,90,5.75,US,1631867174
355,Ruwi,23.5996,58.5507,94.69,40,13,6.42,OM,1631867175
356,Moose Factory,51.2585,-80.6094,59.0,88,90,18.41,CA,1631867176
357,Palmer,42.1584,-72.3287,65.03,88,90,5.75,US,1631867177
358,Chumphon,10.3333,98.8333,84.31,52,33,4.97,TH,1631867178
359,Nemuro,43.3236,145.575,59.43,72,55,15.21,JP,1631867179
360,Hailar,49.2,119.7,63.88,56,27,10.78,CN,1631867180
361,Camacha,33.0833,-16.3333,70.56,73,40,14.97,PT,1631867180
362,Hasaki,35.7333,140.8333,75.6,66,100,15.14,JP,1631867181
363,Buraidah,26.326,43.975,97.25,13,3,6.91,SA,1631866990
364,São Filipe,14.8961,-24.4956,78.76,82,100,12.39,CV,1631867182
365,Ngunguru,-35.6167,174.5,56.16,87,100,8.05,NZ,1631867183
366,Trincomalee,8.5711,81.2335,85.14,69,99,10.2,LK,1631867184
367,Le Vauclin,14.5452,-60.8388,80.65,78,20,6.91,MQ,1631867185
368,Vila Franca do Campo,37.7167,-25.4333,68.41,89,34,3.71,PT,1631867186
369,Pirna,50.9584,13.937,61.16,89,100,9.73,DE,1631867188
370,Williams Lake,52.1415,-122.1445,53.17,40,75,12.66,CA,1631867189
371,Goderich,43.7501,-81.7165,61.12,82,0,5.75,CA,1631867190
372,Ponta do Sol,32.6667,-17.1,74.03,75,52,5.17,PT,1631867191
373,Luleå,65.5842,22.1547,44.67,81,75,9.22,SE,1631867191
374,Faya,18.3851,42.4509,82.51,22,91,2.86,SA,1631867192
375,Bontang,0.1333,117.5,82.49,75,100,3.85,ID,1631867193
376,Kavieng,-2.5744,150.7967,81.99,77,32,8.63,PG,1631867195
377,Biloela,-24.4167,150.5,69.46,54,4,15.28,AU,1631867196
378,Marchena,37.329,-5.4168,74.62,79,0,1.12,ES,1631867197
379,Opuwo,-18.0607,13.84,83.14,11,6,11.41,NA,1631867198
380,Beira,-19.8436,34.8389,78.89,83,75,13.8,MZ,1631867199
381,Kaukauna,44.278,-88.272,66.31,72,1,1.01,US,1631867200
382,Lorengau,-2.0226,147.2712,81.59,80,68,10.8,PG,1631867201
383,Sur,22.5667,59.5289,95.13,42,83,7.7,OM,1631867202
384,Nichinan,31.6,131.3667,83.88,81,100,15.39,JP,1631867202
385,Fortuna,40.5982,-124.1573,55.18,72,90,0.0,US,1631866971
386,Mwinilunga,-11.7358,24.4293,86.58,30,25,4.07,ZM,1631867204
387,Kumul,42.8,93.45,88.12,13,94,5.37,CN,1631867205
388,Okmulgee,35.6234,-95.9605,76.89,82,0,5.23,US,1631867205
389,Mahanoro,-19.9,48.8,78.35,60,2,11.61,MG,1631867207
390,Santa Cruz de Tenerife,28.4682,-16.2546,75.42,90,40,3.0,ES,1631867063
391,Souillac,-20.5167,57.5167,77.38,73,40,11.5,MU,1631867208
392,Bojnourd,37.4747,57.329,78.75,44,20,18.41,IR,1631867209
393,Dunedin,-45.8742,170.5036,42.8,71,49,1.99,NZ,1631867210
394,Narsaq,60.9167,-46.05,37.62,67,100,3.83,GL,1631867211
395,Gorontalo,0.5412,123.0595,81.03,86,96,2.95,ID,1631867212
396,Dudinka,69.4058,86.1778,47.08,59,16,11.77,RU,1631867213
397,Pulaski,34.7668,-92.3001,72.82,87,75,5.75,US,1631867214
398,West Wendover,40.7391,-114.0733,61.81,23,1,5.75,US,1631867215
399,Maţāy,28.419,30.7792,82.06,43,0,15.95,EG,1631867216
400,Grand Gaube,-20.0064,57.6608,77.4,75,62,7.0,MU,1631867216
401,Zhangye,38.9342,100.4517,79.25,18,100,6.71,CN,1631867217
402,Comodoro Rivadavia,-45.8667,-67.5,48.06,57,0,3.44,AR,1631867193
403,Morant Bay,17.8815,-76.4093,80.65,85,98,10.27,JM,1631867220
404,Coquimbo,-29.9533,-71.3436,53.33,87,90,3.44,CL,1631867220
405,San Cristobal,7.7669,-72.225,63.1,97,20,3.36,VE,1631867222
406,Phalaborwa,-23.943,31.1411,70.88,56,100,19.75,ZA,1631867222
407,Khoy,38.5504,44.9535,78.44,22,0,4.07,IR,1631867224
408,Aykhal,66.0,111.5,33.78,80,99,18.34,RU,1631867225
409,Miandrivazo,-19.5167,45.4667,89.33,36,4,4.25,MG,1631867226
410,Kailua,21.4022,-157.7394,80.58,73,40,9.22,US,1631867227
411,Itoman,26.1247,127.6694,86.38,87,40,10.36,JP,1631867228
412,Manggar,-2.8833,108.2667,85.37,68,32,11.05,ID,1631867228
413,Muisne,0.6,-80.0333,73.78,92,100,7.83,EC,1631867230
414,Marawi,7.9986,124.2928,72.64,91,100,2.86,PH,1631867231
415,Bārmer,25.75,71.3833,95.45,41,0,5.39,IN,1631867232
416,Karoi,-16.8099,29.6925,84.63,22,20,12.03,ZW,1631867233
417,La Unión,-5.4,-80.75,63.41,81,63,9.69,PE,1631867234
418,Codrington,-38.2667,141.9667,57.76,73,43,15.28,AU,1631867235
419,Honiara,-9.4333,159.95,78.87,86,98,8.23,SB,1631867236
420,Kjøllefjord,70.9457,27.3465,44.85,64,100,15.5,NO,1631867237
421,San Quintín,30.4833,-115.95,66.45,82,0,9.6,MX,1631867238
422,Leshukonskoye,64.8989,45.7622,40.78,68,92,8.97,RU,1631867238
423,Aranda de Duero,41.6704,-3.6892,63.05,63,4,2.91,ES,1631867239
424,Jalu,29.0331,21.5482,81.82,39,0,6.4,LY,1631867240
425,Mingshui,36.7167,117.5,76.28,64,95,6.62,CN,1631867242
426,Ouésso,1.6136,16.0517,74.64,82,100,3.33,CG,1631867242
427,Flinders,-34.5833,150.8552,64.2,76,20,11.88,AU,1631867238
428,Whitehorse,60.7161,-135.0538,41.77,75,75,10.36,CA,1631867245
429,Tezu,27.9167,96.1667,74.88,98,100,2.82,IN,1631867246
430,Marzuq,14.4,46.4667,91.65,14,20,9.06,YE,1631867246
431,Saint-Louis,16.3333,-15.0,82.04,71,64,7.16,SN,1631867247
432,Salym,60.0625,71.4789,45.97,79,95,12.41,RU,1631867248
433,Dwārka,22.2394,68.9678,83.61,82,94,15.48,IN,1631867249
434,Copperas Cove,31.1241,-97.9031,72.36,86,1,4.61,US,1631866820
435,Libreville,0.3925,9.4537,75.22,100,75,3.44,GA,1631866981
436,Bairiki Village,1.3292,172.9752,82.4,74,75,9.22,KI,1631867253
437,Atambua,-9.1061,124.8925,82.42,52,49,3.31,ID,1631867253
438,Beyneu,45.3167,55.2,68.49,24,0,16.24,KZ,1631867254
439,Margate,51.3813,1.3862,64.11,86,100,8.7,GB,1631867156
440,Nuuk,64.1835,-51.7216,36.21,75,75,6.91,GL,1631867256
441,Mangai,-4.05,19.5333,82.18,62,81,5.23,CD,1631867257
442,Mweka,-4.85,21.5667,80.55,62,99,4.59,CD,1631867258
443,Vestmannaeyjar,63.4427,-20.2734,45.59,76,40,34.52,IS,1631867259
444,Upata,8.0086,-62.3989,68.81,99,12,2.95,VE,1631867260
445,Roswell,34.0232,-84.3616,71.38,95,90,0.0,US,1631867112
446,Buxar,25.5833,83.9833,80.49,86,100,4.16,IN,1631867263
447,Aparecida do Taboado,-20.0867,-51.0936,68.79,72,13,10.16,BR,1631867263
448,Viedma,-40.8135,-62.9967,54.97,52,0,14.38,AR,1631867264
449,Luang Prabang,19.8856,102.1347,89.56,62,75,2.3,LA,1631867266
450,Bonfim,3.0833,-59.95,74.73,82,10,3.09,BR,1631867267
451,Jilin,43.0,126.0,70.2,63,0,4.14,CN,1631867268
452,Poya,-21.35,165.15,66.29,67,10,7.27,NC,1631867269
453,Reconquista,-29.15,-59.65,58.37,68,78,5.61,AR,1631867270
454,La Ronge,55.1001,-105.2842,44.85,93,90,10.36,CA,1631867271
455,Svetlaya,46.5389,138.3297,64.49,74,11,8.46,RU,1631867272
456,Øksfjord,70.2396,22.3479,46.47,72,100,6.15,NO,1631867273
457,Charlottetown,46.2352,-63.1267,55.56,97,1,4.61,CA,1631867190
458,Mezen',65.8522,44.24,43.38,59,100,9.95,RU,1631867274
459,Skjervøy,70.0311,20.9714,48.2,69,100,8.05,NO,1631867275
460,Colares,38.7992,-9.4469,69.98,77,40,10.36,PT,1631867276
461,Písek,49.3088,14.1475,59.95,76,34,9.66,CZ,1631867277
462,Aleksandrovsk-Sakhalinskiy,50.8975,142.1561,59.47,82,0,8.14,RU,1631867278
463,Ubari,26.5921,12.7805,83.08,21,0,16.91,LY,1631867279
464,Aklavik,68.2191,-135.0107,47.23,77,36,7.74,CA,1631867279
465,Bida,9.0833,6.0167,76.08,93,100,3.44,NG,1631867280
466,Hūn,29.1268,15.9477,79.56,33,0,9.01,LY,1631867282
467,Morgan Hill,37.1305,-121.6544,59.16,86,90,6.91,US,1631867217
468,Pozo Colorado,-23.4923,-58.7972,62.13,96,0,2.33,PY,1631867283
469,Vavozh,56.7751,51.931,44.22,76,99,9.91,RU,1631867284
470,Vila Velha,-20.3297,-40.2925,73.35,88,75,4.61,BR,1631867132
471,Kampot,10.6167,104.1833,87.85,70,47,7.34,KH,1631867285
472,Zaragoza,41.6561,-0.8773,68.45,65,0,1.99,ES,1631867287
473,Tagusao,9.1924,117.8141,79.38,82,100,9.33,PH,1631867288
474,Sembabule,-0.0772,31.4567,80.31,44,100,5.32,UG,1631867289
475,Kamenka,51.3223,42.7678,56.86,48,93,4.81,RU,1631867289
476,La Palma,33.8464,-118.0467,67.03,86,1,1.01,US,1631867290
477,Adeje,28.1227,-16.726,72.7,64,20,8.05,ES,1631867061
478,Kalmunai,7.4167,81.8167,89.28,59,92,13.22,LK,1631867292
479,Changping,40.2186,116.2197,82.04,35,59,5.57,CN,1631867293
480,Ugoofaaru,5.6667,73.0,82.83,77,79,13.53,MV,1631867294
481,Werda,-25.2667,23.2833,65.14,18,0,14.12,BW,1631867294
482,Mugur-Aksy,50.35,90.5,53.56,45,100,2.86,RU,1631867295
483,Yerbogachën,61.2767,108.0108,48.61,53,98,5.99,RU,1631867296
484,Severomuysk,56.1481,113.4267,35.19,51,96,4.99,RU,1631867297
485,Orlik,52.5178,99.825,59.83,35,99,5.7,RU,1631867298
486,Afuá,-0.1567,-50.3867,74.17,95,40,4.21,BR,1631867299
487,Dukat,62.55,155.55,45.1,71,21,7.38,RU,1631867300
488,Annandale,38.8304,-77.1964,72.46,94,90,1.99,US,1631867301
489,Xining,36.6167,101.7667,67.23,39,100,6.58,CN,1631867302
490,Broome,42.2506,-75.833,67.86,80,90,3.0,US,1631867303
491,Vanimo,-2.6741,141.3028,81.93,77,94,10.0,PG,1631867304
492,Beringovskiy,63.05,179.3167,38.8,63,6,11.9,RU,1631867305
493,Ixtapa,20.7,-105.2,76.23,100,54,1.01,MX,1631867165
494,Srednekolymsk,67.45,153.6833,49.5,63,98,0.27,RU,1631867306
495,Podporozh'ye,60.9112,34.1706,44.89,74,44,4.94,RU,1631867307
496,Uyemskiy,64.4743,40.8524,50.05,62,40,8.95,RU,1631867308
497,Auki,-8.7676,160.7034,78.94,82,19,5.1,SB,1631867309
498,Ponta Delgada,37.7333,-25.6667,68.72,83,20,5.75,PT,1631867310
499,Huamachuco,-7.8,-78.0667,48.15,86,99,4.72,PE,1631867311
500,Antsohihy,-14.8796,47.9875,94.46,31,66,2.35,MG,1631867312
501,Great Falls,47.5002,-111.3008,45.41,60,1,0.0,US,1631867314
502,Tura,25.5198,90.2201,82.08,79,100,5.3,IN,1631867315
503,Imeni Stepana Razina,54.8932,44.2963,45.72,58,100,5.84,RU,1631867316
504,Darhan,49.4867,105.9228,67.1,52,65,5.99,MN,1631867317
505,Valparaíso,-33.0393,-71.6273,50.92,89,39,9.24,CL,1631867318
506,Mitsamiouli,-11.3847,43.2844,88.09,45,20,13.8,KM,1631867319
507,Araouane,18.9048,-3.5265,92.48,34,31,6.33,ML,1631867320
508,Mundo Nuevo (Ojo de Agua),18.7,-95.5,78.85,83,100,4.23,MX,1631867322
509,Sorong,-0.8833,131.25,81.37,79,18,5.79,ID,1631867323
510,Klaksvík,62.2266,-6.589,54.52,99,100,19.24,FO,1631867324
511,Coleraine,55.1333,-6.6667,64.31,96,100,10.87,GB,1631867325
512,Rundu,-17.9333,19.7667,80.87,10,4,10.29,NA,1631867326
513,Springbok,-29.6643,17.8865,61.23,26,4,27.72,ZA,1631867326
514,Charter Township of Clinton,42.587,-82.9199,64.42,94,1,3.44,US,1631867173
515,Karlivka,49.4567,35.1295,68.04,30,100,7.11,UA,1631867328
516,Nakamura,32.9833,132.9333,78.13,95,100,6.26,JP,1631867329
517,Yar-Sale,66.8333,70.8333,44.13,72,82,25.08,RU,1631867329
518,Inta,66.0317,60.1659,40.41,82,100,19.19,RU,1631867330
519,Skibbereen,51.55,-9.2667,58.8,90,100,8.1,IE,1631867331
520,Tombouctou,20.0,-3.0,92.55,30,31,7.16,ML,1631867332
521,Arman',59.7,150.1667,48.47,91,98,3.04,RU,1631867333
522,Nanortalik,60.1432,-45.2371,41.23,81,100,4.79,GL,1631867334
523,Jumla,29.2747,82.1838,64.56,85,100,2.91,NP,1631867335
524,Bathsheba,13.2167,-59.5167,83.01,74,40,17.27,BB,1631867336
525,Sistranda,63.7256,8.834,55.9,82,98,7.23,NO,1631867337
526,Barranca,-10.75,-77.7667,59.29,87,100,5.48,PE,1631867337
527,Pitsunda,43.1592,40.3378,69.98,87,100,13.47,GE,1631867338
